<scheme name="Vividchalk" version="124" parent_scheme="Default">
  <option name="LINE_SPACING" value="1.0" />
  <option name="EDITOR_FONT_SIZE" value="13" />
  <option name="CONSOLE_FONT_NAME" value="Menlo" />
  <option name="CONSOLE_FONT_SIZE" value="12" />
  <option name="EDITOR_FONT_NAME" value="Consolas" />
  <colors>
    <option name="ADDED_LINES_COLOR" value="295622" />
    <option name="CARET_COLOR" value="bbbbbb" />
    <option name="CARET_ROW_COLOR" value="222220" />
    <option name="CONSOLE_BACKGROUND_KEY" value="191919" />
    <option name="FILESTATUS_ADDED" value="629755" />
    <option name="FILESTATUS_DELETED" value="6c6c6c" />
    <option name="FILESTATUS_IDEA_FILESTATUS_DELETED_FROM_FILE_SYSTEM" value="6c6c6c" />
    <option name="FILESTATUS_IDEA_FILESTATUS_IGNORED" value="848504" />
    <option name="FILESTATUS_IDEA_FILESTATUS_MERGED_WITH_BOTH_CONFLICTS" value="d5756c" />
    <option name="FILESTATUS_IDEA_FILESTATUS_MERGED_WITH_CONFLICTS" value="d5756c" />
    <option name="FILESTATUS_IDEA_FILESTATUS_MERGED_WITH_PROPERTY_CONFLICTS" value="d5756c" />
    <option name="FILESTATUS_MERGED" value="9876aa" />
    <option name="FILESTATUS_MODIFIED" value="6897bb" />
    <option name="FILESTATUS_NOT_CHANGED_IMMEDIATE" value="6897bb" />
    <option name="FILESTATUS_NOT_CHANGED_RECURSIVE" value="6897bb" />
    <option name="FILESTATUS_UNKNOWN" value="d1675a" />
    <option name="FILESTATUS_addedOutside" value="629755" />
    <option name="FILESTATUS_changelistConflict" value="d5756c" />
    <option name="FILESTATUS_modifiedOutside" value="6897bb" />
    <option name="GUTTER_BACKGROUND" value="191919" />
    <option name="INDENT_GUIDE" value="414c3b" />
    <option name="LINE_NUMBERS_COLOR" value="666666" />
    <option name="METHOD_SEPARATORS_COLOR" value="222220" />
    <option name="MODIFIED_LINES_COLOR" value="415f69" />
    <option name="RECURSIVE_CALL_ATTRIBUTES" value="574300" />
    <option name="RIGHT_MARGIN_COLOR" value="323232" />
    <option name="SELECTED_INDENT_GUIDE" value="ffffff" />
    <option name="SELECTED_TEARLINE_COLOR" value="414c3b" />
    <option name="SELECTION_BACKGROUND" value="414c3b" />
    <option name="TEARLINE_COLOR" value="222220" />
    <option name="WHITESPACES" value="505050" />
  </colors>
  <attributes>
    <option name="ABSTRACT_CLASS_NAME_ATTRIBUTES">
      <value>
        <option name="FOREGROUND" value="9cf828" />
        <option name="EFFECT_TYPE" value="0" />
      </value>
    </option>
    <option name="ANNOTATION_NAME_ATTRIBUTES">
      <value>
        <option name="FOREGROUND" value="800080" />
        <option name="EFFECT_TYPE" value="0" />
      </value>
    </option>
    <option name="ANONYMOUS_CLASS_NAME_ATTRIBUTES">
      <value>
        <option name="FOREGROUND" value="9cf828" />
        <option name="EFFECT_TYPE" value="0" />
      </value>
    </option>
    <option name="BAD_CHARACTER">
      <value>
        <option name="FOREGROUND" value="ffffff" />
        <option name="EFFECT_TYPE" value="0" />
      </value>
    </option>
    <option name="BOOKMARKS_ATTRIBUTES">
      <value>
        <option name="ERROR_STRIPE_COLOR" value="0" />
        <option name="EFFECT_TYPE" value="0" />
      </value>
    </option>
    <option name="BREAKPOINT_ATTRIBUTES">
      <value>
        <option name="BACKGROUND" value="3a2323" />
        <option name="EFFECT_TYPE" value="0" />
      </value>
    </option>
    <option name="Block comment">
      <value>
        <option name="FOREGROUND" value="8c3fc8" />
        <option name="EFFECT_TYPE" value="0" />
      </value>
    </option>
    <option name="CLASS_NAME_ATTRIBUTES">
      <value>
        <option name="FOREGROUND" value="9cf828" />
        <option name="EFFECT_TYPE" value="0" />
      </value>
    </option>
    <option name="CONSOLE_BLUE_OUTPUT">
      <value>
        <option name="FOREGROUND" value="5394ec" />
        <option name="EFFECT_TYPE" value="0" />
      </value>
    </option>
    <option name="CONSOLE_CYAN_OUTPUT">
      <value>
        <option name="FOREGROUND" value="6969" />
        <option name="EFFECT_TYPE" value="0" />
      </value>
    </option>
    <option name="CONSOLE_ERROR_OUTPUT">
      <value>
        <option name="FOREGROUND" value="477488" />
        <option name="EFFECT_TYPE" value="0" />
      </value>
    </option>
    <option name="CONSOLE_MAGENTA_OUTPUT">
      <value>
        <option name="FOREGROUND" value="983498" />
        <option name="EFFECT_TYPE" value="0" />
      </value>
    </option>
    <option name="CONSOLE_NORMAL_OUTPUT">
      <value>
        <option name="FOREGROUND" value="ffffff" />
        <option name="BACKGROUND" value="191919" />
        <option name="EFFECT_TYPE" value="0" />
      </value>
    </option>
    <option name="CONSOLE_RED_OUTPUT">
      <value>
        <option name="FOREGROUND" value="ff6b68" />
        <option name="EFFECT_TYPE" value="0" />
      </value>
    </option>
    <option name="CONSOLE_SYSTEM_OUTPUT">
      <value>
        <option name="FOREGROUND" value="477488" />
        <option name="EFFECT_TYPE" value="0" />
      </value>
    </option>
    <option name="CONSOLE_USER_INPUT">
      <value>
        <option name="FOREGROUND" value="8146a2" />
        <option name="EFFECT_TYPE" value="0" />
      </value>
    </option>
    <option name="CTRL_CLICKABLE">
      <value>
        <option name="FOREGROUND" value="ff" />
        <option name="EFFECT_COLOR" value="ff" />
        <option name="EFFECT_TYPE" value="1" />
      </value>
    </option>
    <option name="CUSTOM_INVALID_STRING_ESCAPE_ATTRIBUTES">
      <value>
        <option name="FOREGROUND" value="ffffff" />
        <option name="EFFECT_TYPE" value="0" />
      </value>
    </option>
    <option name="CUSTOM_KEYWORD1_ATTRIBUTES">
      <value>
        <option name="FOREGROUND" value="ec691e" />
        <option name="EFFECT_TYPE" value="0" />
      </value>
    </option>
    <option name="CUSTOM_KEYWORD2_ATTRIBUTES">
      <value>
        <option name="FOREGROUND" value="ec691e" />
        <option name="EFFECT_TYPE" value="0" />
      </value>
    </option>
    <option name="CUSTOM_KEYWORD3_ATTRIBUTES">
      <value>
        <option name="FOREGROUND" value="ec691e" />
        <option name="EFFECT_TYPE" value="0" />
      </value>
    </option>
    <option name="CUSTOM_KEYWORD4_ATTRIBUTES">
      <value>
        <option name="FOREGROUND" value="ec691e" />
        <option name="EFFECT_TYPE" value="0" />
      </value>
    </option>
    <option name="CUSTOM_LINE_COMMENT_ATTRIBUTES">
      <value>
        <option name="FOREGROUND" value="8146a2" />
        <option name="EFFECT_TYPE" value="0" />
      </value>
    </option>
    <option name="CUSTOM_MULTI_LINE_COMMENT_ATTRIBUTES">
      <value>
        <option name="FOREGROUND" value="8c3fc8" />
        <option name="EFFECT_TYPE" value="0" />
      </value>
    </option>
    <option name="CUSTOM_NUMBER_ATTRIBUTES">
      <value>
        <option name="FOREGROUND" value="477488" />
        <option name="EFFECT_TYPE" value="0" />
      </value>
    </option>
    <option name="CUSTOM_STRING_ATTRIBUTES">
      <value>
        <option name="FOREGROUND" value="477488" />
        <option name="EFFECT_TYPE" value="0" />
      </value>
    </option>
    <option name="CUSTOM_VALID_STRING_ESCAPE_ATTRIBUTES">
      <value>
        <option name="FOREGROUND" value="477488" />
        <option name="EFFECT_TYPE" value="0" />
      </value>
    </option>
    <option name="DEFAULT_ATTRIBUTE">
      <value>
        <option name="FOREGROUND" value="cdb1ad" />
        <option name="EFFECT_TYPE" value="0" />
      </value>
    </option>
    <option name="DEFAULT_BLOCK_COMMENT">
      <value>
        <option name="FOREGROUND" value="808080" />
        <option name="FONT_TYPE" value="2" />
        <option name="EFFECT_TYPE" value="0" />
      </value>
    </option>
    <option name="DEFAULT_BRACES">
      <value>
        <option name="FOREGROUND" value="ffffff" />
        <option name="EFFECT_TYPE" value="0" />
      </value>
    </option>
    <option name="DEFAULT_BRACKETS">
      <value>
        <option name="FOREGROUND" value="ffffff" />
        <option name="EFFECT_TYPE" value="0" />
      </value>
    </option>
    <option name="DEFAULT_CLASS_NAME">
      <value>
        <option name="FOREGROUND" value="9cf828" />
        <option name="EFFECT_TYPE" value="0" />
      </value>
    </option>
    <option name="DEFAULT_CLASS_REFERENCE">
      <value>
        <option name="FOREGROUND" value="9cf828" />
        <option name="EFFECT_TYPE" value="0" />
      </value>
    </option>
    <option name="DEFAULT_COMMA">
      <value>
        <option name="FOREGROUND" value="ffffff" />
        <option name="EFFECT_TYPE" value="0" />
      </value>
    </option>
    <option name="DEFAULT_CONSTANT">
      <value>
        <option name="FOREGROUND" value="80ff00" />
        <option name="EFFECT_TYPE" value="0" />
      </value>
    </option>
    <option name="DEFAULT_DOC_COMMENT">
      <value>
        <option name="FOREGROUND" value="8c3fc8" />
        <option name="EFFECT_TYPE" value="0" />
      </value>
    </option>
    <option name="DEFAULT_DOC_COMMENT_TAG">
      <value>
        <option name="FOREGROUND" value="800080" />
        <option name="EFFECT_TYPE" value="0" />
      </value>
    </option>
    <option name="DEFAULT_DOC_MARKUP">
      <value>
        <option name="FOREGROUND" value="800080" />
        <option name="EFFECT_TYPE" value="0" />
      </value>
    </option>
    <option name="DEFAULT_DOT">
      <value>
        <option name="FOREGROUND" value="ffffff" />
        <option name="EFFECT_TYPE" value="0" />
      </value>
    </option>
    <option name="DEFAULT_ENTITY">
      <value>
        <option name="FOREGROUND" value="477488" />
        <option name="EFFECT_TYPE" value="0" />
      </value>
    </option>
    <option name="DEFAULT_FUNCTION_CALL">
      <value>
        <option name="FOREGROUND" value="f7c527" />
        <option name="EFFECT_TYPE" value="0" />
      </value>
    </option>
    <option name="DEFAULT_FUNCTION_DECLARATION">
      <value>
        <option name="FOREGROUND" value="f1c438" />
        <option name="EFFECT_TYPE" value="0" />
      </value>
    </option>
    <option name="DEFAULT_GLOBAL_VARIABLE">
      <value>
        <option name="FOREGROUND" value="3c758d" />
        <option name="EFFECT_TYPE" value="0" />
      </value>
    </option>
    <option name="DEFAULT_IDENTIFIER">
      <value>
        <option name="FOREGROUND" value="f7c527" />
        <option name="EFFECT_TYPE" value="0" />
      </value>
    </option>
    <option name="DEFAULT_INSTANCE_FIELD">
      <value>
        <option name="FOREGROUND" value="357a8f" />
        <option name="EFFECT_TYPE" value="0" />
      </value>
    </option>
    <option name="DEFAULT_INSTANCE_METHOD">
      <value>
        <option name="FOREGROUND" value="f7c527" />
        <option name="EFFECT_TYPE" value="0" />
      </value>
    </option>
    <option name="DEFAULT_INTERFACE_NAME">
      <value>
        <option name="FOREGROUND" value="87f025" />
        <option name="EFFECT_TYPE" value="0" />
      </value>
    </option>
    <option name="DEFAULT_INVALID_STRING_ESCAPE">
      <value>
        <option name="FOREGROUND" value="ffffff" />
        <option name="EFFECT_TYPE" value="0" />
      </value>
    </option>
    <option name="DEFAULT_KEYWORD">
      <value>
        <option name="FOREGROUND" value="ec691e" />
        <option name="EFFECT_TYPE" value="0" />
      </value>
    </option>
    <option name="DEFAULT_LABEL">
      <value>
        <option name="FOREGROUND" value="cdb1ad" />
        <option name="EFFECT_TYPE" value="0" />
      </value>
    </option>
    <option name="DEFAULT_LINE_COMMENT">
      <value>
        <option name="FOREGROUND" value="8146a2" />
        <option name="EFFECT_TYPE" value="0" />
      </value>
    </option>
    <option name="DEFAULT_LOCAL_VARIABLE">
      <value>
        <option name="FOREGROUND" value="3c758d" />
        <option name="EFFECT_TYPE" value="0" />
      </value>
    </option>
    <option name="DEFAULT_NUMBER">
      <value>
        <option name="FOREGROUND" value="3c758d" />
        <option name="EFFECT_TYPE" value="0" />
      </value>
    </option>
    <option name="DEFAULT_OPERATION_SIGN">
      <value>
        <option name="FOREGROUND" value="ffffff" />
        <option name="EFFECT_TYPE" value="0" />
      </value>
    </option>
    <option name="DEFAULT_PARAMETER">
      <value>
        <option name="FOREGROUND" value="cdb1ad" />
        <option name="EFFECT_TYPE" value="0" />
      </value>
    </option>
    <option name="DEFAULT_PARENTHS">
      <value>
        <option name="FOREGROUND" value="ffffff" />
        <option name="EFFECT_TYPE" value="0" />
      </value>
    </option>
    <option name="DEFAULT_SEMICOLON">
      <value>
        <option name="FOREGROUND" value="ffffff" />
        <option name="EFFECT_TYPE" value="0" />
      </value>
    </option>
    <option name="DEFAULT_STATIC_FIELD">
      <value>
        <option name="FOREGROUND" value="ffffff" />
        <option name="EFFECT_TYPE" value="0" />
      </value>
    </option>
    <option name="DEFAULT_STATIC_METHOD">
      <value>
        <option name="FOREGROUND" value="ffffff" />
        <option name="EFFECT_TYPE" value="0" />
      </value>
    </option>
    <option name="DEFAULT_STRING">
      <value>
        <option name="FOREGROUND" value="66ff00" />
        <option name="EFFECT_TYPE" value="0" />
      </value>
    </option>
    <option name="DEFAULT_TAG">
      <value>
        <option name="FOREGROUND" value="ffffff" />
        <option name="EFFECT_TYPE" value="0" />
      </value>
    </option>
    <option name="DEFAULT_TEMPLATE_LANGUAGE_COLOR">
      <value>
        <option name="FOREGROUND" value="ffffff" />
        <option name="EFFECT_TYPE" value="0" />
      </value>
    </option>
    <option name="DEFAULT_VALID_STRING_ESCAPE">
      <value>
        <option name="FOREGROUND" value="477488" />
        <option name="EFFECT_TYPE" value="0" />
      </value>
    </option>
    <option name="DELETED_TEXT_ATTRIBUTES">
      <value>
        <option name="FOREGROUND" value="191919" />
        <option name="BACKGROUND" value="ffffff" />
        <option name="EFFECT_TYPE" value="0" />
      </value>
    </option>
    <option name="DEPRECATED_ATTRIBUTES">
      <value>
        <option name="FOREGROUND" value="ffffff" />
        <option name="EFFECT_TYPE" value="0" />
      </value>
    </option>
    <option name="DIFF_CONFLICT">
      <value>
        <option name="BACKGROUND" value="45302b" />
        <option name="ERROR_STRIPE_COLOR" value="8f5247" />
        <option name="EFFECT_TYPE" value="0" />
      </value>
    </option>
    <option name="DIFF_DELETED">
      <value>
        <option name="BACKGROUND" value="484a4a" />
        <option name="ERROR_STRIPE_COLOR" value="656e76" />
        <option name="EFFECT_TYPE" value="0" />
      </value>
    </option>
    <option name="DIFF_INSERTED">
      <value>
        <option name="BACKGROUND" value="294436" />
        <option name="ERROR_STRIPE_COLOR" value="447152" />
        <option name="EFFECT_TYPE" value="0" />
      </value>
    </option>
    <option name="DIFF_MODIFIED">
      <value>
        <option name="BACKGROUND" value="385570" />
        <option name="ERROR_STRIPE_COLOR" value="43698d" />
        <option name="EFFECT_TYPE" value="0" />
      </value>
    </option>
    <option name="DOC_COMMENT_TAG_VALUE">
      <value>
        <option name="FOREGROUND" value="800080" />
        <option name="EFFECT_TYPE" value="0" />
      </value>
    </option>
    <option name="DUPLICATE_FROM_SERVER">
      <value>
        <option name="BACKGROUND" value="5e5339" />
        <option name="EFFECT_TYPE" value="0" />
      </value>
    </option>
    <option name="ENUM_NAME_ATTRIBUTES">
      <value>
        <option name="FOREGROUND" value="87f025" />
        <option name="EFFECT_TYPE" value="0" />
      </value>
    </option>
    <option name="ERRORS_ATTRIBUTES">
      <value>
        <option name="EFFECT_COLOR" value="bc3f3c" />
        <option name="ERROR_STRIPE_COLOR" value="bc3f3c" />
        <option name="EFFECT_TYPE" value="2" />
      </value>
    </option>
    <option name="EXECUTIONPOINT_ATTRIBUTES">
      <value>
        <option name="BACKGROUND" value="2d6099" />
        <option name="EFFECT_TYPE" value="0" />
      </value>
    </option>
    <option name="FOLDED_TEXT_ATTRIBUTES">
      <value>
        <option name="FOREGROUND" value="ffffff" />
        <option name="BACKGROUND" value="414c3b" />
        <option name="EFFECT_TYPE" value="0" />
      </value>
    </option>
    <option name="FOLLOWED_HYPERLINK_ATTRIBUTES">
      <value>
        <option name="FOREGROUND" value="287bde" />
        <option name="EFFECT_COLOR" value="287bde" />
        <option name="EFFECT_TYPE" value="1" />
      </value>
    </option>
    <option name="GENERIC_SERVER_ERROR_OR_WARNING">
      <value>
        <option name="EFFECT_COLOR" value="f49810" />
        <option name="ERROR_STRIPE_COLOR" value="f49810" />
        <option name="EFFECT_TYPE" value="1" />
      </value>
    </option>
    <option name="HYPERLINK_ATTRIBUTES">
      <value>
        <option name="FOREGROUND" value="287bde" />
        <option name="EFFECT_COLOR" value="287bde" />
        <option name="EFFECT_TYPE" value="1" />
      </value>
    </option>
    <option name="IDENTIFIER_UNDER_CARET_ATTRIBUTES">
      <value>
        <option name="BACKGROUND" value="616161" />
        <option name="ERROR_STRIPE_COLOR" value="616161" />
        <option name="EFFECT_TYPE" value="0" />
      </value>
    </option>
    <option name="IMPLICIT_ANONYMOUS_CLASS_PARAMETER_ATTRIBUTES">
      <value>
        <option name="FOREGROUND" value="87f025" />
        <option name="EFFECT_TYPE" value="0" />
      </value>
    </option>
    <option name="INFO_ATTRIBUTES">
      <value>
        <option name="EFFECT_COLOR" value="aeae80" />
        <option name="ERROR_STRIPE_COLOR" value="aeae80" />
        <option name="EFFECT_TYPE" value="2" />
      </value>
    </option>
    <option name="INJECTED_LANGUAGE_FRAGMENT">
      <value>
        <option name="FOREGROUND" value="ffffff" />
        <option name="EFFECT_TYPE" value="0" />
      </value>
    </option>
    <option name="INSTANCE_FIELD_ATTRIBUTES">
      <value>
        <option name="FOREGROUND" value="357a8f" />
        <option name="EFFECT_TYPE" value="0" />
      </value>
    </option>
    <option name="INTERFACE_NAME_ATTRIBUTES">
      <value>
        <option name="FOREGROUND" value="87f025" />
        <option name="EFFECT_TYPE" value="0" />
      </value>
    </option>
    <option name="LINE_FULL_COVERAGE">
      <value>
        <option name="FOREGROUND" value="ccffcc" />
        <option name="FONT_TYPE" value="1" />
        <option name="EFFECT_TYPE" value="0" />
      </value>
    </option>
    <option name="LINE_NONE_COVERAGE">
      <value>
        <option name="FOREGROUND" value="ffcccc" />
        <option name="FONT_TYPE" value="1" />
        <option name="EFFECT_TYPE" value="0" />
      </value>
    </option>
    <option name="LINE_PARTIAL_COVERAGE">
      <value>
        <option name="FOREGROUND" value="ffffcc" />
        <option name="FONT_TYPE" value="1" />
        <option name="EFFECT_TYPE" value="0" />
      </value>
    </option>
    <option name="LIVE_TEMPLATE_ATTRIBUTES">
      <value>
        <option name="EFFECT_COLOR" value="ff0000" />
        <option name="EFFECT_TYPE" value="0" />
      </value>
    </option>
    <option name="LOG_ERROR_OUTPUT">
      <value>
        <option name="FOREGROUND" value="ec691e" />
        <option name="EFFECT_TYPE" value="0" />
      </value>
    </option>
    <option name="LOG_EXPIRED_ENTRY">
      <value>
        <option name="FOREGROUND" value="8c3fc8" />
        <option name="EFFECT_TYPE" value="0" />
      </value>
    </option>
    <option name="LOG_WARNING_OUTPUT">
      <value>
        <option name="FOREGROUND" value="3c758d" />
        <option name="EFFECT_TYPE" value="0" />
      </value>
    </option>
    <option name="MATCHED_BRACE_ATTRIBUTES">
      <value>
        <option name="FOREGROUND" value="ff8647" />
        <option name="EFFECT_TYPE" value="0" />
      </value>
    </option>
    <option name="METHOD_DECLARATION_ATTRIBUTES">
      <value>
        <option name="FOREGROUND" value="f7c527" />
        <option name="EFFECT_TYPE" value="0" />
      </value>
    </option>
    <option name="NOT_USED_ELEMENT_ATTRIBUTES">
      <value>
        <option name="FOREGROUND" value="808080" />
        <option name="EFFECT_COLOR" value="808080" />
        <option name="EFFECT_TYPE" value="2" />
      </value>
    </option>
    <option name="PARAMETER_ATTRIBUTES">
      <value>
        <option name="FOREGROUND" value="cdb1ad" />
        <option name="EFFECT_TYPE" value="0" />
      </value>
    </option>
    <option name="SASS_MIXIN">
      <value>
        <option name="FOREGROUND" value="8080" />
        <option name="FONT_TYPE" value="1" />
        <option name="EFFECT_TYPE" value="0" />
      </value>
    </option>
    <option name="SCOPE_KEY_All">
      <value>
        <option name="EFFECT_TYPE" value="0" />
      </value>
    </option>
    <option name="SCOPE_KEY_Non-Project Files">
      <value>
        <option name="EFFECT_TYPE" value="0" />
      </value>
    </option>
    <option name="SCOPE_KEY_Problems">
      <value>
        <option name="EFFECT_TYPE" value="0" />
      </value>
    </option>
    <option name="SCOPE_KEY_Project Files">
      <value>
        <option name="EFFECT_TYPE" value="0" />
      </value>
    </option>
    <option name="SEARCH_RESULT_ATTRIBUTES">
      <value>
        <option name="BACKGROUND" value="616161" />
        <option name="ERROR_STRIPE_COLOR" value="616161" />
        <option name="EFFECT_TYPE" value="0" />
      </value>
    </option>
    <option name="STATIC_FIELD_ATTRIBUTES">
      <value>
        <option name="FOREGROUND" value="ffffff" />
        <option name="EFFECT_TYPE" value="0" />
      </value>
    </option>
    <option name="STATIC_METHOD_ATTRIBUTES">
      <value>
        <option name="FOREGROUND" value="800080" />
        <option name="EFFECT_TYPE" value="0" />
      </value>
    </option>
    <option name="TEMPLATE_VARIABLE_ATTRIBUTES">
      <value>
        <option name="FOREGROUND" value="ffffff" />
        <option name="EFFECT_TYPE" value="0" />
      </value>
    </option>
    <option name="TEXT">
      <value>
        <option name="FOREGROUND" value="ffffff" />
        <option name="BACKGROUND" value="0" />
        <option name="EFFECT_TYPE" value="0" />
      </value>
    </option>
    <option name="TEXT_SEARCH_RESULT_ATTRIBUTES">
      <value>
        <option name="EFFECT_TYPE" value="0" />
      </value>
    </option>
    <option name="TODO_DEFAULT_ATTRIBUTES">
      <value>
        <option name="FOREGROUND" value="a8c023" />
        <option name="FONT_TYPE" value="2" />
        <option name="ERROR_STRIPE_COLOR" value="a74c0" />
        <option name="EFFECT_TYPE" value="0" />
      </value>
    </option>
    <option name="TS.TYPE_PARAMETER">
      <value>
        <option name="EFFECT_TYPE" value="0" />
      </value>
    </option>
    <option name="TYPE_PARAMETER_NAME_ATTRIBUTES">
      <value>
        <option name="FOREGROUND" value="cdb1ad" />
        <option name="EFFECT_TYPE" value="0" />
      </value>
    </option>
    <option name="TYPO">
      <value>
        <option name="EFFECT_COLOR" value="867f27" />
        <option name="EFFECT_TYPE" value="2" />
      </value>
    </option>
    <option name="UNMATCHED_BRACE_ATTRIBUTES">
      <value>
        <option name="FOREGROUND" value="d1243b" />
        <option name="EFFECT_TYPE" value="0" />
      </value>
    </option>
    <option name="WARNING_ATTRIBUTES">
      <value>
        <option name="BACKGROUND" value="52503a" />
        <option name="ERROR_STRIPE_COLOR" value="8c8c00" />
        <option name="EFFECT_TYPE" value="2" />
      </value>
    </option>
    <option name="WRITE_IDENTIFIER_UNDER_CARET_ATTRIBUTES">
      <value>
        <option name="EFFECT_TYPE" value="0" />
      </value>
    </option>
    <option name="WRITE_SEARCH_RESULT_ATTRIBUTES">
      <value>
        <option name="EFFECT_TYPE" value="0" />
      </value>
    </option>
    <option name="WRONG_REFERENCES_ATTRIBUTES">
      <value>
        <option name="FOREGROUND" value="bc3f3c" />
        <option name="EFFECT_TYPE" value="0" />
      </value>
    </option>
  </attributes>
</scheme>